{
	"format_version": "1.8.0",
	"animations": {
		"idle": {
			"loop": true,
			"animation_length": 12,
			"bones": {
				"body": {
					"rotation": {
						"0.0": {
							"vector": [0, 0, 0]
						},
						"8.0": {
							"vector": [0, 1.32, 0]
						},
						"8.5": {
							"vector": [0, -22.5, 0]
						},
						"10.5": {
							"vector": [0, 22.5, 0]
						},
						"12.0": {
							"vector": [0, 0, 0]
						}
					},
					"scale": {
						"0.0": {
							"vector": [1, 1, 1]
						},
						"2.0": {
							"vector": [1, 1, 1.05]
						},
						"4.0": {
							"vector": [1, 1, 1]
						},
						"5.9583": {
							"vector": [1, 1, 1.05]
						},
						"7.9583": {
							"vector": [1, 1, 1]
						},
						"10.0": {
							"vector": [1, 1, 1.05]
						},
						"12.0": {
							"vector": [1, 1, 1]
						}
					}
				},
				"bone4": {
					"rotation": {
						"0.0": {
							"vector": [0, 0, 0]
						},
						"2.0": {
							"vector": [5, 0, 0]
						},
						"4.0": {
							"vector": [0, 0, 0]
						},
						"5.9583": {
							"vector": [5, 0, 0]
						},
						"7.9583": {
							"vector": [0, 0, 0]
						},
						"8.0": {
							"vector": [0.1104, 0.76972, -0.03744]
						},
						"8.5": {
							"vector": [1.43578, -22.49364, -0.5494]
						},
						"10.0": {
							"vector": [5, 0, 0]
						},
						"10.5": {
							"vector": [5.29575, 44.87746, 3.74199]
						},
						"12.0": {
							"vector": [0, 0, 0]
						}
					}
				},
				"bone7": {
					"rotation": {
						"0.0": {
							"vector": [0, 0, 0]
						},
						"2.0": {
							"vector": [7.5, 0, 0]
						},
						"4.0": {
							"vector": [0, 0, 0]
						},
						"5.9583": {
							"vector": [7.5, 0, 0]
						},
						"7.9583": {
							"vector": [0, 0, 0]
						},
						"8.5": {
							"vector": [2.15359, -22.48569, -0.82398]
						},
						"10.0": {
							"vector": [7.5, 0, 0]
						},
						"10.5": {
							"vector": [6.08511, 22.38577, 2.32493]
						},
						"12.0": {
							"vector": [0, 0, 0]
						}
					}
				},
				"bone5": {
					"rotation": {
						"0.0": {
							"vector": [0, 0, 90]
						},
						"2.0": {
							"vector": [0, 0, 67.5]
						},
						"4.0": {
							"vector": [0, 0, 90]
						},
						"5.9583": {
							"vector": [0, 0, 67.5]
						},
						"7.9583": {
							"vector": [0, 0, 90]
						},
						"10.0": {
							"vector": [0, 0, 67.5]
						},
						"12.0": {
							"vector": [0, 0, 90]
						}
					}
				},
				"bone6": {
					"rotation": {
						"0.0": {
							"vector": [0, 0, -90]
						},
						"2.0": {
							"vector": [0, 0, -67.5]
						},
						"4.0": {
							"vector": [0, 0, -90]
						},
						"5.9583": {
							"vector": [0, 0, -67.5]
						},
						"7.9583": {
							"vector": [0, 0, -90]
						},
						"10.0": {
							"vector": [0, 0, -67.5]
						},
						"12.0": {
							"vector": [0, 0, -90]
						}
					}
				}
			}
		}
	},
	"geckolib_format_version": 2
}