{
	"format_version": "1.8.0",
	"animations": {
		"idle": {
			"loop": true,
			"animation_length": 4,
			"bones": {
				"belly": {
					"scale": {
						"0.0": [1, 1, 1],
						"2.0": [1.1, 1.1, 1.3],
						"4.0": [1, 1, 1]
					}
				},
				"head": {
					"rotation": {
						"0.0": [0, 0, 0],
						"2.0": [-5, 0, 0],
						"4.0": [0, 0, 0]
					}
				},
				"rightarm": {
					"rotation": {
						"0.0": [0, 0, 0],
						"1.0417": [2.39356, 0.10447, -2.49782],
						"3.0": [-2.5, 0, 0],
						"4.0": [0, 0, 0]
					},
					"position": {
						"0.0": [0, 0, 0],
						"2.0": [0, 1, 0],
						"4.0": [0, 0, 0]
					}
				},
				"leftarm": {
					"rotation": {
						"0.0": [0, 0, 0],
						"1.0417": [-2.39356, 0.10447, 2.49782],
						"3.0": [2.5, 0, 0],
						"4.0": [0, 0, 0]
					},
					"position": {
						"0.0": [0, 0, 0],
						"2.0": [0, 1, 0],
						"4.0": [0, 0, 0]
					}
				}
			}
		},
		"walk": {
			"loop": true,
			"animation_length": 2,
			"bones": {
				"body": {
					"rotation": {
						"0.0": [0, 0, 0],
						"1.0": [0, 0, 0]
					}
				},
				"belly": {
					"rotation": {
						"0.0": [0, 0, 0],
						"0.5": [0, 2.5, 0],
						"1.5": [0, -2.5, 0],
						"2.0": [0, 0, 0]
					},
					"scale": {
						"0.0": [1, 1, 1],
						"0.5": [1, 1, 1.1],
						"1.5": [1, 1, 1.2],
						"2.0": [1, 1, 1]
					}
				},
				"head": {
					"rotation": {
						"0.0": [0, 0, 0],
						"1.0": [7.5, 0, 0],
						"2.0": [0, 0, 0]
					}
				},
				"rightarm": {
					"rotation": {
						"0.0": [0, 0, 0],
						"0.5": [9.96271, 0.86717, -4.92442],
						"1.0": [0, 0, 0],
						"1.5": [-9.96271, -0.86717, -4.92442],
						"2.0": [0, 0, 0]
					}
				},
				"leftarm": {
					"rotation": {
						"0.0": [0, 0, 0],
						"0.5": [-9.96271, 0.86717, 4.92442],
						"1.5": [9.96271, -0.86717, 4.92442],
						"2.0": [0, 0, 0]
					}
				},
				"rightleg": {
					"rotation": {
						"0.0": [0, 0, 0],
						"0.5": [-40, 0, 0],
						"1.5": [40, 0, 0],
						"2.0": [0, 0, 0]
					},
					"position": {
						"0.0": [0, 0, 0],
						"0.5": [0, 0, 1],
						"1.5": [0, 0, 0]
					}
				},
				"leftleg": {
					"rotation": {
						"0.0": [0, 0, 0],
						"0.5": [40, 0, 0],
						"1.5": [-40, 0, 0],
						"2.0": [0, 0, 0]
					},
					"position": {
						"0.0": [0, 0, 0],
						"0.5": [0, 0, -1],
						"1.5": [0, 0, 0]
					}
				},
				"buckel": {
					"rotation": {
						"0.0": [0, 0, 0],
						"1.0": [-2.5, 0, 0],
						"2.0": [0, 0, 0]
					}
				},
				"all": {
					"rotation": {
						"0.0": [0, 0, 0],
						"0.5": [0, 0, -2.5],
						"1.5": [0, 0, 2.5],
						"2.0": [0, 0, 0]
					}
				}
			}
		},
		"attack": {
			"animation_length": 1,
			"bones": {
				"belly": {
					"position": {
						"0.0": [0, 0, 0],
						"0.2917": [0, 0.5, 0],
						"0.7083": [0, 0, 0]
					},
					"scale": {
						"0.0": [1, 1, 1],
						"0.2917": [1, 1.1, 1],
						"0.7083": [1, 1, 1]
					}
				},
				"head": {
					"rotation": {
						"0.0": [0, 0, 0],
						"0.5": [12.5, 0, 0],
						"1.0": [0, 0, 0]
					}
				},
				"rightarm": {
					"rotation": {
						"0.0": [0, 0, 0],
						"0.1667": [130.43246, 7.64427, 6.46635],
						"0.5": [130.43246, 7.64427, 6.46635],
						"1.0": [0, 0, 0]
					}
				},
				"leftarm": {
					"rotation": {
						"0.0": [0, 0, 0],
						"0.1667": [130.43246, -7.64427, -6.46635],
						"0.5": [130.43246, -7.64427, -6.46635],
						"1.0": [0, 0, 0]
					}
				}
			}
		},
		"smash": {
			"animation_length": 1.25,
			"bones": {
				"belly": {
					"position": {
						"0.0": [0, 0, 0],
						"0.2917": [0, 0.5, 0],
						"0.7083": [0, 0, 0]
					},
					"scale": {
						"0.0": [1, 1, 1],
						"0.2917": [1, 1.1, 1],
						"0.7083": [1, 1, 1]
					}
				},
				"head": {
					"rotation": {
						"0.0": [0, 0, 0],
						"0.5": [12.5, 0, 0],
						"0.7917": [17.71, 0, 0],
						"1.25": [0, 0, 0]
					}
				},
				"rightarm": {
					"rotation": {
						"0.0": [0, 0, 0],
						"0.2917": [130.43246, 7.64427, 6.46635],
						"0.625": [138.24365, -5.01591, 46.3932],
						"0.8333": [14.06699, -10.43368, 3.63169],
						"1.25": [0, 0, 0]
					},
					"position": {
						"0.0": [0, 0, 0],
						"0.2917": [0, -1.05, -2],
						"0.5": [0, -1.8, 0.77],
						"0.8333": [0, -3, 0],
						"1.25": [0, 0, 0]
					}
				},
				"leftarm": {
					"rotation": {
						"0.0": [0, 0, 0],
						"0.625": [2.5, 0, 0],
						"1.25": [0, 0, 0]
					},
					"position": {
						"0.0": [0, 0, 0],
						"0.2917": [0, 0, -5],
						"0.5": [0, 0, -1],
						"0.625": [0, 0, 0]
					}
				},
				"body": {
					"rotation": {
						"0.0": [0, 0, 0],
						"0.2917": [7.5, 0, 0],
						"0.4583": [0, 0, 0]
					}
				},
				"allwithoutlegs": {
					"rotation": {
						"0.0": [0, 0, 0],
						"0.2917": [0.13, 0, 0],
						"0.7917": [-20, 0, 0],
						"1.25": [0, 0, 0]
					}
				}
			}
		}
	}
}